{
  "IcoMoonType": "selection",
  "icons": [
    {
      "icon": {
        "paths": [
          "M804.571 420.571v109.714c0 30.286-24.571 54.857-54.857 54.857h-237.714v237.714c0 30.286-24.571 54.857-54.857 54.857h-109.714c-30.286 0-54.857-24.571-54.857-54.857v-237.714h-237.714c-30.286 0-54.857-24.571-54.857-54.857v-109.714c0-30.286 24.571-54.857 54.857-54.857h237.714v-237.714c0-30.286 24.571-54.857 54.857-54.857h109.714c30.286 0 54.857 24.571 54.857 54.857v237.714h237.714c30.286 0 54.857 24.571 54.857 54.857z"
        ],
        "width": 804.5714285714286,
        "attrs": [],
        "isMulticolor": false,
        "isMulticolor2": false,
        "tags": [
          "plus"
        ],
        "defaultCode": 61543,
        "grid": 14
      },
      "attrs": [],
      "properties": {
        "name": "plus",
        "id": 1,
        "order": 7,
        "prevSize": 28,
        "code": 61543
      },
      "setIdx": 0,
      "setId": 0,
      "iconIdx": 1
    },
    {
      "icon": {
        "paths": [
          "M804.571 420.571v109.714c0 30.286-24.571 54.857-54.857 54.857h-694.857c-30.286 0-54.857-24.571-54.857-54.857v-109.714c0-30.286 24.571-54.857 54.857-54.857h694.857c30.286 0 54.857 24.571 54.857 54.857z"
        ],
        "width": 804.5714285714286,
        "attrs": [],
        "isMulticolor": false,
        "isMulticolor2": false,
        "tags": [
          "minus"
        ],
        "defaultCode": 61544,
        "grid": 14
      },
      "attrs": [],
      "properties": {
        "name": "minus",
        "id": 3,
        "order": 8,
        "prevSize": 28,
        "code": 61544
      },
      "setIdx": 0,
      "setId": 0,
      "iconIdx": 3
    },
    {
      "icon": {
        "paths": [
          "M731.429 799.429c0 83.429-54.857 151.429-121.714 151.429h-488c-66.857 0-121.714-68-121.714-151.429 0-150.286 37.143-324 186.857-324 46.286 45.143 109.143 73.143 178.857 73.143s132.571-28 178.857-73.143c149.714 0 186.857 173.714 186.857 324zM585.143 292.571c0 121.143-98.286 219.429-219.429 219.429s-219.429-98.286-219.429-219.429 98.286-219.429 219.429-219.429 219.429 98.286 219.429 219.429z"
        ],
        "width": 731.4285714285713,
        "attrs": [],
        "isMulticolor": false,
        "isMulticolor2": false,
        "tags": [
          "user"
        ],
        "defaultCode": 61447,
        "grid": 14
      },
      "attrs": [],
      "properties": {
        "name": "user",
        "id": 11,
        "order": 3,
        "prevSize": 28,
        "code": 61447
      },
      "setIdx": 0,
      "setId": 0,
      "iconIdx": 11
    },
    {
      "icon": {
        "paths": [
          "M219.429 841.143c0-20-16.571-36.571-36.571-36.571s-36.571 16.571-36.571 36.571 16.571 36.571 36.571 36.571 36.571-16.571 36.571-36.571zM587.429 601.143l-389.714 389.714c-13.143 13.143-32 21.143-51.429 21.143s-38.286-8-52-21.143l-60.571-61.714c-13.714-13.143-21.714-32-21.714-51.429s8-38.286 21.714-52l389.143-389.143c29.714 74.857 89.714 134.857 164.571 164.571zM949.714 352.571c0 18.857-6.857 42.286-13.143 60.571-36 101.714-133.714 172-241.714 172-141.143 0-256-114.857-256-256s114.857-256 256-256c41.714 0 96 12.571 130.857 36 5.714 4 9.143 9.143 9.143 16 0 6.286-4 12.571-9.143 16l-167.429 96.571v128l110.286 61.143c18.857-10.857 151.429-94.286 162.857-94.286s18.286 8.571 18.286 20z"
        ],
        "width": 961.6822857142856,
        "attrs": [],
        "isMulticolor": false,
        "isMulticolor2": false,
        "tags": [
          "wrench"
        ],
        "defaultCode": 61613,
        "grid": 14
      },
      "attrs": [],
      "properties": {
        "name": "wrench",
        "id": 164,
        "order": 10,
        "prevSize": 28,
        "code": 61613
      },
      "setIdx": 0,
      "setId": 0,
      "iconIdx": 164
    },
    {
      "icon": {
        "paths": [
          "M338.857 512c-59.429 1.714-113.143 27.429-151.429 73.143h-76.571c-57.143 0-110.857-27.429-110.857-90.857 0-46.286-1.714-201.714 70.857-201.714 12 0 71.429 48.571 148.571 48.571 26.286 0 51.429-4.571 76-13.143-1.714 12.571-2.857 25.143-2.857 37.714 0 52 16.571 103.429 46.286 146.286zM950.857 876c0 92.571-61.143 148-152.571 148h-499.429c-91.429 0-152.571-55.429-152.571-148 0-129.143 30.286-327.429 197.714-327.429 19.429 0 90.286 79.429 204.571 79.429s185.143-79.429 204.571-79.429c167.429 0 197.714 198.286 197.714 327.429zM365.714 146.286c0 80.571-65.714 146.286-146.286 146.286s-146.286-65.714-146.286-146.286 65.714-146.286 146.286-146.286 146.286 65.714 146.286 146.286zM768 365.714c0 121.143-98.286 219.429-219.429 219.429s-219.429-98.286-219.429-219.429 98.286-219.429 219.429-219.429 219.429 98.286 219.429 219.429zM1097.143 494.286c0 63.429-53.714 90.857-110.857 90.857h-76.571c-38.286-45.714-92-71.429-151.429-73.143 29.714-42.857 46.286-94.286 46.286-146.286 0-12.571-1.143-25.143-2.857-37.714 24.571 8.571 49.714 13.143 76 13.143 77.143 0 136.571-48.571 148.571-48.571 72.571 0 70.857 155.429 70.857 201.714zM1024 146.286c0 80.571-65.714 146.286-146.286 146.286s-146.286-65.714-146.286-146.286 65.714-146.286 146.286-146.286 146.286 65.714 146.286 146.286z"
        ],
        "width": 1097.142857142857,
        "attrs": [],
        "isMulticolor": false,
        "isMulticolor2": false,
        "tags": [
          "group",
          "users"
        ],
        "defaultCode": 61632,
        "grid": 14
      },
      "attrs": [],
      "properties": {
        "name": "group, users",
        "id": 169,
        "order": 4,
        "prevSize": 28,
        "code": 61632
      },
      "setIdx": 0,
      "setId": 0,
      "iconIdx": 169
    },
    {
      "icon": {
        "paths": [
          "M838.857 272c5.714 5.714 10.857 12.571 16 20.571h-269.714v-269.714c8 5.143 14.857 10.286 20.571 16zM566.857 365.714h310.857v603.429c0 30.286-24.571 54.857-54.857 54.857h-768c-30.286 0-54.857-24.571-54.857-54.857v-914.286c0-30.286 24.571-54.857 54.857-54.857h457.143v310.857c0 30.286 24.571 54.857 54.857 54.857zM658.286 786.286v-36.571c0-10.286-8-18.286-18.286-18.286h-402.286c-10.286 0-18.286 8-18.286 18.286v36.571c0 10.286 8 18.286 18.286 18.286h402.286c10.286 0 18.286-8 18.286-18.286zM658.286 640v-36.571c0-10.286-8-18.286-18.286-18.286h-402.286c-10.286 0-18.286 8-18.286 18.286v36.571c0 10.286 8 18.286 18.286 18.286h402.286c10.286 0 18.286-8 18.286-18.286zM658.286 493.714v-36.571c0-10.286-8-18.286-18.286-18.286h-402.286c-10.286 0-18.286 8-18.286 18.286v36.571c0 10.286 8 18.286 18.286 18.286h402.286c10.286 0 18.286-8 18.286-18.286z"
        ],
        "width": 877.7142857142857,
        "attrs": [],
        "isMulticolor": false,
        "isMulticolor2": false,
        "tags": [
          "file-text"
        ],
        "defaultCode": 61788,
        "grid": 14
      },
      "attrs": [],
      "properties": {
        "name": "file-text",
        "id": 313,
        "order": 2,
        "prevSize": 28,
        "code": 61788
      },
      "setIdx": 0,
      "setId": 0,
      "iconIdx": 313
    },
    {
      "icon": {
        "paths": [
          "M402.286 512c-121.143 0-219.429-98.286-219.429-219.429s98.286-219.429 219.429-219.429 219.429 98.286 219.429 219.429-98.286 219.429-219.429 219.429zM950.857 585.143h201.143c9.714 0 18.286 8.571 18.286 18.286v109.714c0 9.714-8.571 18.286-18.286 18.286h-201.143v201.143c0 9.714-8.571 18.286-18.286 18.286h-109.714c-9.714 0-18.286-8.571-18.286-18.286v-201.143h-201.143c-9.714 0-18.286-8.571-18.286-18.286v-109.714c0-9.714 8.571-18.286 18.286-18.286h201.143v-201.143c0-9.714 8.571-18.286 18.286-18.286h109.714c9.714 0 18.286 8.571 18.286 18.286v201.143zM530.286 713.143c0 40 33.143 73.143 73.143 73.143h146.286v136c-28 20.571-63.429 28.571-97.714 28.571h-499.429c-91.429 0-152.571-54.857-152.571-148 0-129.143 30.286-327.429 197.714-327.429 9.143 0 15.429 4 22.286 9.714 56 42.857 110.286 69.714 182.286 69.714s126.286-26.857 182.286-69.714c6.857-5.714 13.143-9.714 22.286-9.714 48.571 0 91.429 18.286 124 54.857h-127.429c-40 0-73.143 33.143-73.143 73.143v109.714z"
        ],